player_id,player_name,tour,rank,points,country
atp_1,Carlos Alcaraz,ATP,1,13150,ESP
atp_2,Jannik Sinner,ATP,2,10300,ITA
atp_3,Novak Djokovic,ATP,3,5280,SRB
atp_4,Alexander Zverev,ATP,4,4605,GER
atp_5,Lorenzo Musetti,ATP,5,4405,ITA
atp_6,Felix Aliassime,ATP,6,4000,CAN
atp_7,Taylor Fritz,ATP,7,3990,USA
atp_8,Alex de Minaur,ATP,8,3850,AUS
atp_9,Ben Shelton,ATP,9,3650,USA
atp_10,Alexander Bublik,ATP,10,3305,KAZ
atp_11,Daniil Medvedev,ATP,11,3010,RUS
atp_12,Jack Draper,ATP,12,2790,GBR
atp_13,Casper Ruud,ATP,13,2625,NOR
atp_14,Andrey Rublev,ATP,14,2510,RUS
atp_15,Alejandro Fokina,ATP,15,2470,ESP
atp_16,Jakub Mensik,ATP,16,2425,CZE
atp_17,Karen Khachanov,ATP,17,2360,RUS
atp_18,Holger Rune,ATP,18,2340,DEN
atp_19,Francisco Cerundolo,ATP,19,2020,ARG
atp_20,Flavio Cobolli,ATP,20,1955,ITA
atp_21,Jiri Lehecka,ATP,21,1860,CZE
atp_22,Luciano Darderi,ATP,22,1789,ITA
atp_23,Learner Tien,ATP,23,1710,USA
atp_24,Tommy Paul,ATP,24,1700,USA
atp_25,Tallon Griekspoor,ATP,25,1635,NED
atp_26,Valentin Vacherot,ATP,26,1605,MON
atp_27,Cameron Norrie,ATP,27,1603,GBR
atp_28,Frances Tiafoe,ATP,28,1550,USA
atp_29,Brandon Nakashima,ATP,29,1535,USA
atp_30,Arthur Rinderknech,ATP,30,1530,FRA
atp_31,Tomas Machac,ATP,31,1510,CZE
atp_32,Stefanos Tsitsipas,ATP,32,1485,GRE
atp_33,Sebastian Baez,ATP,33,1445,ARG
atp_34,Corentin Moutet,ATP,34,1383,FRA
atp_35,Jaume Munar,ATP,35,1275,ESP
atp_36,Denis Shapovalov,ATP,36,1250,CAN
atp_37,Joao Fonseca,ATP,37,1190,BRA
atp_38,Ugo Humbert,ATP,38,1185,FRA
atp_39,Gabriel Diallo,ATP,39,1175,CAN
atp_40,Arthur Fils,ATP,40,1110,FRA
atp_41,Alex Michelsen,ATP,41,1110,USA
atp_42,Grigor Dimitrov,ATP,42,1105,BUL
atp_43,Zizou Bergs,ATP,43,1080,BEL
atp_44,Nuno Borges,ATP,44,1070,POR
atp_45,Camilo Carabelli,ATP,45,1068,ARG
atp_46,Jenson Brooksby,ATP,46,1042,USA
atp_47,Fabian Marozsan,ATP,47,1040,HUN
atp_48,Adrian Mannarino,ATP,48,1025,FRA
atp_49,Sebastian Korda,ATP,49,1020,USA
atp_50,Alexandre Muller,ATP,50,1020,FRA
atp_51,Alexei Popyrin,ATP,51,1000,AUS
atp_52,Marin Cilic,ATP,52,990,CRO
atp_53,Tomas Etcheverry,ATP,53,970,ARG
atp_54,Daniel Altmaier,ATP,54,961,GER
atp_55,Botic van de Zandschulp,ATP,55,936,NED
atp_56,Kamil Majchrzak,ATP,56,920,POL
atp_57,Matteo Berrettini,ATP,57,910,ITA
atp_58,Giovanni Perricard,ATP,58,905,FRA
atp_59,Valentin Royer,ATP,59,897,FRA
atp_60,Marton Fucsovics,ATP,60,891,HUN
atp_61,Damir Dzumhur,ATP,61,877,BIH
atp_62,Francisco Comesana,ATP,62,869,ARG
atp_63,Marcos Giron,ATP,63,855,USA
atp_64,Lorenzo Sonego,ATP,64,850,ITA
atp_65,Terence Atmane,ATP,65,833,FRA
atp_66,Eliot Spizzirri,ATP,66,821,USA
atp_67,Alejandro Tabilo,ATP,67,808,CHI
atp_68,Raphael Collignon,ATP,68,793,BEL
atp_69,Reilly Opelka,ATP,69,786,USA
atp_70,Ethan Quinn,ATP,70,776,USA
atp_71,Hubert Hurkacz,ATP,71,775,POL
atp_72,Quentin Halys,ATP,72,762,FRA
atp_73,Arthur Cazaux,ATP,73,755,FRA
atp_74,Mariano Navone,ATP,74,750,ARG
atp_75,Aleksandar Kovacevic,ATP,75,746,USA
atp_76,Emilio Nava,ATP,76,710,USA
atp_77,Jan Struff,ATP,77,706,GER
atp_78,Juan Cerundolo,ATP,78,706,ARG
atp_79,Alexander Shevchenko,ATP,79,696,KAZ
atp_80,James Duckworth,ATP,80,691,AUS
atp_81,Filip Misolic,ATP,81,687,AUT
atp_82,Roberto Agut,ATP,82,685,ESP
atp_83,Miomir Kecmanovic,ATP,83,670,SRB
atp_84,Jacob Fearnley,ATP,84,668,GBR
atp_85,Matteo Arnaldi,ATP,85,665,ITA
atp_86,Jesper de Jong,ATP,86,665,NED
atp_87,Vit Kopriva,ATP,87,660,CZE
atp_88,Aleksandar Vukic,ATP,88,656,AUS
atp_89,Cristian Garin,ATP,89,656,CHI
atp_90,Yannick Hanfmann,ATP,90,653,GER
atp_91,Ignacio Buse,ATP,91,648,PER
atp_92,Thiago Tirante,ATP,92,647,ARG
atp_93,Adam Walton,ATP,93,643,AUS
atp_94,Luca Nardi,ATP,94,629,ITA
atp_95,Christopher OConnell,ATP,95,626,AUS
atp_96,Hugo Gaston,ATP,96,619,FRA
atp_97,Hamad Medjedovic,ATP,97,615,SRB
atp_98,Stan Wawrinka,ATP,98,612,SUI
atp_99,Dalibor Svrcina,ATP,99,612,CZE
atp_100,Carlos Taberner,ATP,100,608,ESP
atp_101,Pedro Martinez,ATP,101,586,ESP
atp_102,Roman Burruchaga,ATP,102,580,ARG
atp_103,Adolfo Vallejo,ATP,103,580,PAR
atp_104,Alexander Blockx,ATP,104,570,BEL
atp_105,Patrick Kypson,ATP,105,565,USA
atp_106,Zachary Svajda,ATP,106,563,USA
atp_107,Tomas Vera,ATP,107,563,CHI
atp_108,Tristan Schoolkate,ATP,108,556,AUS
atp_109,Mattia Bellucci,ATP,109,553,ITA
atp_110,Francesco Maestrelli,ATP,110,553,ITA
atp_111,Jordan Thompson,ATP,111,548,AUS
atp_112,Rinky Hijikata,ATP,112,546,AUS
atp_113,Laslo Djere,ATP,113,538,SRB
atp_114,Chun Tseng,ATP,114,536,TWN
atp_115,Mackenzie McDonald,ATP,115,535,USA
atp_116,Shintaro Mochizuki,ATP,116,525,JPN
atp_117,Rafael Jodar,ATP,117,523,ESP
atp_118,David Goffin,ATP,118,515,BEL
atp_119,Titouan Droguet,ATP,119,510,FRA
atp_120,Elmer Møller,ATP,120,509,DEN
atp_121,Dino Prizmic,ATP,121,507,CRO
atp_122,Pablo Busta,ATP,122,504,ESP
atp_123,Benjamin Bonzi,ATP,123,500,FRA
atp_124,Jan Choinski,ATP,124,498,GBR
atp_125,Martin Damm,ATP,125,492,USA
atp_126,Vilius Gaubas,ATP,126,490,LTU
atp_127,Borna Coric,ATP,127,488,CRO
atp_128,Otto Virtanen,ATP,128,488,FIN
atp_129,Dusan Lajovic,ATP,129,485,SRB
atp_130,Luca Van Assche,ATP,130,477,FRA
atp_131,Marco Trungelliti,ATP,131,472,ARG
atp_132,Sebastian Ofner,ATP,132,471,AUT
atp_133,Nicolai Kjaer,ATP,133,470,NOR
atp_134,Dane Sweeny,ATP,134,468,AUS
atp_135,Sho Shimabukuro,ATP,135,466,JPN
atp_136,Nikoloz Basilashvili,ATP,136,464,GEO
atp_137,Coleman Wong,ATP,137,458,HKG
atp_138,Jack Jones,ATP,138,456,GBR
atp_139,Moez Echargui,ATP,139,449,TUN
atp_140,Andrea Pellegrino,ATP,140,447,ITA
atp_141,Colton Smith,ATP,141,446,USA
atp_142,Chris Rodesch,ATP,142,446,LUX
atp_143,Nicolas Jarry,ATP,143,441,CHI
atp_144,Billy Harris,ATP,144,438,GBR
atp_145,Yibing Wu,ATP,145,427,CHN
atp_146,Jaime Faria,ATP,146,425,POR
atp_147,Yunchaokete Bu,ATP,147,424,CHN
atp_148,Liam Draxl,ATP,148,422,CAN
atp_149,Daniel Merida,ATP,149,422,ESP
atp_150,Lukas Klein,ATP,150,421,SVK
atp_151,Brandon Holt,ATP,151,418,USA
atp_152,Michael Zheng,ATP,152,414,USA
atp_153,Kyrian Jacquet,ATP,153,414,FRA
atp_154,Guy Ouden,ATP,154,405,NED
atp_155,Giulio Zeppieri,ATP,155,397,ITA
atp_156,Arthur Fery,ATP,156,396,GBR
atp_157,Hugo Dellien,ATP,157,393,BOL
atp_158,Martin Landaluce,ATP,158,390,ESP
atp_159,Mark Lajal,ATP,159,378,EST
atp_160,Arthur Gea,ATP,160,377,FRA
atp_161,Francesco Passaro,ATP,161,376,ITA
atp_162,Ugo Blanchet,ATP,162,375,FRA
atp_163,Luka Mikrut,ATP,163,371,CRO
atp_164,Stefano Travaglia,ATP,164,370,ITA
atp_165,Matteo Gigante,ATP,165,367,ITA
atp_166,Yoshihito Nishioka,ATP,166,361,JPN
atp_167,Alex Bolt,ATP,167,361,AUS
atp_168,Gael Monfils,ATP,168,360,FRA
atp_169,Daniil Glinka,ATP,169,359,EST
atp_170,Henrique Rocha,ATP,170,357,POR
atp_171,Leandro Riedi,ATP,171,356,SUI
atp_172,Harold Mayot,ATP,172,355,FRA
atp_173,Rei Sakamoto,ATP,173,354,JPN
atp_174,Roberto Baena,ATP,174,350,ESP
atp_175,Jurij Rodionov,ATP,175,350,AUT
atp_176,Yosuke Watanuki,ATP,176,349,JPN
atp_177,Zsombor Piros,ATP,177,341,HUN
atp_178,Nicolas Mejia,ATP,178,341,COL
atp_179,Lloyd Harris,ATP,179,336,RSA
atp_180,Alex Barrena,ATP,180,336,ARG
atp_181,Vitaliy Sachko,ATP,181,333,UKR
atp_182,Juan Ficovich,ATP,182,331,ARG
atp_183,Daniel Galan,ATP,183,330,COL
atp_184,Jay Clarke,ATP,184,329,GBR
atp_185,Roman Safiullin,ATP,185,328,RUS
atp_186,Bernard Tomic,ATP,186,319,AUS
atp_187,Elias Ymer,ATP,187,315,SWE
atp_188,Federico Gomez,ATP,188,314,ARG
atp_189,Pierre Herbert,ATP,189,313,FRA
atp_190,Nishesh Basavareddy,ATP,190,310,USA
atp_191,Hugo Grenier,ATP,191,310,FRA
atp_192,Justin Engel,ATP,192,309,GER
atp_193,Timofey Skatov,ATP,193,308,KAZ
atp_194,Zdenek Kolar,ATP,194,308,CZE
atp_195,Jerome Kym,ATP,195,307,SUI
atp_196,Daniel Evans,ATP,196,306,GBR
atp_197,Pablo Ruiz,ATP,197,304,ESP
atp_198,August Holmgren,ATP,198,303,DEN
atp_199,Alex Molcan,ATP,199,302,SVK
atp_200,Dan Added,ATP,200,299,FRA
atp_201,Alvaro Meza,ATP,201,298,ECU
atp_202,Jason Kubler,ATP,202,295,AUS
atp_203,George Loffhagen,ATP,203,295,GBR
atp_204,Clement Tabur,ATP,204,292,FRA
atp_205,Clement Chidekh,ATP,205,292,FRA
atp_206,Lorenzo Giustino,ATP,206,292,ITA
atp_207,Joao Lucas Reis Da Silva,ATP,207,291,BRA
atp_208,Thiago Monteiro,ATP,208,290,BRA
atp_209,Luka Pavlovic,ATP,209,286,FRA
atp_210,James McCabe,ATP,210,283,AUS
atp_211,Gilles Bailly,ATP,211,280,BEL
atp_212,Juan Angelo,ATP,212,279,BOL
atp_213,Remy Bertola,ATP,213,276,SUI
atp_214,Oliver Crawford,ATP,214,273,GBR
atp_215,Marco Cecchinato,ATP,215,270,ITA
atp_216,Tristan Boyer,ATP,216,268,USA
atp_217,Ilia Simakin,ATP,217,268,RUS
atp_218,Gonzalo Bueno,ATP,218,265,PER
atp_219,Thiago Wild,ATP,219,262,BRA
atp_220,Yi Zhou,ATP,220,261,CHN
atp_221,Yu Hsu,ATP,221,259,TWN
atp_222,Lukas Neumayer,ATP,222,255,AUT
atp_223,Nerman Fatic,ATP,223,254,BIH
atp_224,Federico Cina,ATP,224,252,ITA
atp_225,Lautaro Midon,ATP,225,252,ARG
atp_226,Marc Husler,ATP,226,250,SUI
atp_227,Rodrigo Mendez,ATP,227,248,MEX
atp_228,Genaro Olivieri,ATP,228,247,ARG
atp_229,Santiago Taverna,ATP,229,246,ARG
atp_230,Matej Dodig,ATP,230,244,CRO
atp_231,Andrea Collarini,ATP,231,244,ARG
atp_232,Ryan Peniston,ATP,232,242,GBR
atp_233,Max Houkes,ATP,233,242,NED
atp_234,Dmitry Popko,ATP,234,241,KAZ
atp_235,Borna Gojo,ATP,235,236,CRO
atp_236,Felipe Alves,ATP,236,236,BRA
atp_237,Marko Topo,ATP,237,234,GER
atp_238,Johannus Monday,ATP,238,233,GBR
atp_239,Murphy Cassone,ATP,239,233,USA
atp_240,Kaichi Uchida,ATP,240,231,JPN
atp_241,Toby Samuel,ATP,241,230,GBR
atp_242,Alexis Galarneau,ATP,242,229,CAN
atp_243,Tom Gentzsch,ATP,243,227,GER
atp_244,Joel Schwarzler,ATP,244,226,AUT
atp_245,Filip Jianu,ATP,245,225,ROU
atp_246,Mitchell Krueger,ATP,246,221,USA
atp_247,Rio Noguchi,ATP,247,221,JPN
atp_248,Kimmer Coppejans,ATP,248,220,BEL
atp_249,Ivan Gakhov,ATP,249,219,RUS
atp_250,Edas Butvilas,ATP,250,217,LTU
atp_251,Pol Tiffon,ATP,251,215,ESP
atp_252,Andres Andrade,ATP,252,213,ECU
atp_253,Pedro Dias,ATP,253,213,BRA
atp_254,Frederico Silva,ATP,254,212,POR
atp_255,Patrick Zahraj,ATP,255,209,GER
atp_256,Gustavo Heide,ATP,256,207,BRA
atp_257,Charles Broom,ATP,257,206,GBR
atp_258,Daniel Michalski,ATP,258,206,POL
atp_259,Juncheng Shang,ATP,259,205,CHN
atp_260,Franco Agamenone,ATP,260,204,ITA
atp_261,Henri Squire,ATP,261,204,GER
atp_262,Mikhail Kukushkin,ATP,262,203,KAZ
atp_263,Fajing Sun,ATP,263,202,CHN
atp_264,Dimitar Kuzmanov,ATP,264,202,BUL
atp_265,Geoffrey Blancaneaux,ATP,265,201,FRA
atp_266,Sascha Wayenburg,ATP,266,201,FRA
atp_267,Nicolas Kicker,ATP,267,200,ARG
atp_268,Tiago Pereira,ATP,268,200,POR
atp_269,Andres Martin,ATP,269,198,USA
atp_270,Florent Bax,ATP,270,197,FRA
atp_271,Alejandro Canas,ATP,271,197,ESP
atp_272,Stefan Kozlov,ATP,272,196,USA
atp_273,Darwin Blanch,ATP,273,195,USA
atp_274,Nikolas Izquierdo,ATP,274,194,ESP
atp_275,Stefanos Sakellaridis,ATP,275,193,GRE
atp_276,Harry Wendelken,ATP,276,193,GBR
atp_277,Daniel Rincon,ATP,277,191,ESP
atp_278,Murkel Dellien,ATP,278,186,BOL
atp_279,Saba Purtseladze,ATP,279,185,GEO
atp_280,Juan Varillas,ATP,280,184,PER
atp_281,Andrej Nedic,ATP,281,184,BIH
atp_282,Liam Broady,ATP,282,184,GBR
atp_283,Kei Nishikori,ATP,283,182,JPN
atp_284,Facundo Acosta,ATP,284,182,ARG
atp_285,Yasutaka Uchiyama,ATP,285,182,JPN
atp_286,Petr Brunclik,ATP,286,181,CZE
atp_287,Benjamin Hassan,ATP,287,180,LBN
atp_288,Fabrizio Andaloro,ATP,288,180,ITA
atp_289,Matheus Pucinelli De Almeida,ATP,289,180,BRA
atp_290,Robin Bertrand,ATP,290,180,FRA
atp_291,Lilian Marmousez,ATP,291,179,FRA
atp_292,Beibit Zhukayev,ATP,292,178,KAZ
atp_293,Hynek Barton,ATP,293,178,CZE
atp_294,Calvin Hemery,ATP,294,177,FRA
atp_295,Mats Rosenkranz,ATP,295,177,GER
atp_296,Alex Rybakov,ATP,296,176,USA
atp_297,Sumit Nagal,ATP,297,175,IND
atp_298,Norbert Gombos,ATP,298,175,SVK
atp_299,Michael Geerts,ATP,299,173,BEL
atp_300,Jacopo Berrettini,ATP,300,172,ITA
atp_301,Maximus Jones,ATP,301,172,THA
atp_302,Akira Santillan,ATP,302,172,JPN
atp_303,Petr Biryukov,ATP,303,172,RUS
atp_304,Sandro Kopp,ATP,304,171,AUT
atp_305,Miguel Damas,ATP,305,168,ESP
atp_306,Gianluca Cadenasso,ATP,306,166,ITA
atp_307,Garrett Johns,ATP,307,166,USA
atp_308,Keegan Smith,ATP,308,165,USA
atp_309,Eliakim Coulibaly,ATP,309,164,CIV
atp_310,Diego Dedura,ATP,310,164,GER
atp_311,Philip Henning,ATP,311,160,RSA
atp_312,Gauthier Onclin,ATP,312,160,BEL
atp_313,Gabi Boitan,ATP,313,159,ROU
atp_314,Mathys Erhard,ATP,314,159,FRA
atp_315,Cedrik Stebe,ATP,315,158,GER
atp_316,Renta Tokuda,ATP,316,157,JPN
atp_317,Matias Soto,ATP,317,157,CHI
atp_318,Abdullah Shelbayh,ATP,318,156,JOR
atp_319,Daniel Dutra da Silva,ATP,319,155,BRA
atp_320,Maxim Mrva,ATP,320,154,CZE
atp_321,Felix Gill,ATP,321,152,GBR
atp_322,Sergey Fomin,ATP,322,151,UZB
atp_323,Oliver Tarvet,ATP,323,150,GBR
atp_324,Paul Jubb,ATP,324,150,GBR
atp_325,Viktor Durasovic,ATP,325,150,NOR
atp_326,Giles Hussey,ATP,326,150,GBR
atp_327,Tyler Zink,ATP,327,150,USA
atp_328,Andrej Martin,ATP,328,149,SVK
atp_329,Matteo Martineau,ATP,329,149,FRA
atp_330,Tom Paris,ATP,330,148,FRA
atp_331,James Trotter,ATP,331,145,JPN
atp_332,Facundo Mena,ATP,332,145,ARG
atp_333,Hady Habib,ATP,333,143,LBN
atp_334,Soonwoo Kwon,ATP,334,142,KOR
atp_335,Pavel Kotov,ATP,335,142,RUS
atp_336,Jelle Sels,ATP,336,142,NED
atp_337,Franco Roncadelli,ATP,337,142,URU
atp_338,Hamish Stewart,ATP,338,142,GBR
atp_339,Raul Brancaccio,ATP,339,142,ITA
atp_340,Sean Cuenin,ATP,340,141,FRA
atp_341,Carlos Jover,ATP,341,141,ESP
atp_342,Antoine Ghibaudo,ATP,342,140,FRA
atp_343,Martin Krumich,ATP,343,140,CZE
atp_344,Florian Broska,ATP,344,139,GER
atp_345,Duje Ajdukovic,ATP,345,139,CRO
atp_346,Guido Justo,ATP,346,139,ARG
atp_347,Igor Marcondes,ATP,347,138,BRA
atp_348,Sanhui Shin,ATP,348,138,KOR
atp_349,Denis Yevseyev,ATP,349,138,KAZ
atp_350,Marat Sharipov,ATP,350,137,RUS
atp_351,Gonzalo Villanueva,ATP,351,137,ARG
atp_352,Oleg Prihodko,ATP,352,136,UKR
atp_353,Michael Mmoh,ATP,353,134,USA
atp_354,Juan Torres,ATP,354,134,ARG
atp_355,Richard Gasquet,ATP,355,133,FRA
atp_356,Arthur Bouquier,ATP,356,133,FRA
atp_357,Gabriele Piraino,ATP,357,133,ITA
atp_358,Juan Manuel La Serna,ATP,358,132,ARG
atp_359,Trevor Svajda,ATP,359,131,USA
atp_360,Jonas Forejtek,ATP,360,131,CZE
atp_361,Christoph Negritu,ATP,361,131,GER
atp_362,Christian Langmo,ATP,362,131,USA
atp_363,Max Basing,ATP,363,129,GBR
atp_364,Ioannis Xilas,ATP,364,129,GRE
atp_365,Viacheslav Bielinskyi,ATP,365,128,UKR
atp_366,Marc Polmans,ATP,366,128,AUS
atp_367,Hayato Matsuoka,ATP,367,128,JPN
atp_368,Raphael Perot,ATP,368,127,FRA
atp_369,Yuta Shimizu,ATP,369,127,JPN
atp_370,Tung Wu,ATP,370,127,TWN
atp_371,Li Tu,ATP,371,126,AUS
atp_372,Dominic Stricker,ATP,372,126,SUI
atp_373,Javier Cosano,ATP,373,126,ESP
atp_374,Cezar Cretu,ATP,374,126,ROU
atp_375,Inaki Montes De La Torre,ATP,375,125,ESP
atp_376,Omar Jasika,ATP,376,125,AUS
atp_377,Federico Coria,ATP,377,124,ARG
atp_378,Pedro Sakamoto,ATP,378,124,BRA
atp_379,Mert Alkaya,ATP,379,124,TUR
atp_380,Daniel Milavsky,ATP,380,124,USA
atp_381,David Sanchis,ATP,381,124,ESP
atp_382,Andre Ilagan,ATP,382,124,USA
atp_383,Dan Martin,ATP,383,122,CAN
atp_384,Aidan McHugh,ATP,384,122,GBR
atp_385,Luciano Ambrogi,ATP,385,122,ARG
atp_386,Maks Kasnikowski,ATP,386,121,POL
atp_387,Gastao Elias,ATP,387,121,POR
atp_388,Mili Poljicak,ATP,388,121,CRO
atp_389,Alfredo Perez,ATP,389,121,USA
atp_390,Facundo Bagnis,ATP,390,120,ARG
atp_391,Christopher Eubanks,ATP,391,120,USA
atp_392,Adria Barrera,ATP,392,120,COL
atp_393,Carlo Caniato,ATP,393,120,ITA
atp_394,Hyeon Chung,ATP,394,120,KOR
atp_395,Federico Arnaboldi,ATP,395,120,ITA
atp_396,Kasidit Samrej,ATP,396,120,THA
atp_397,Hernan Casanova,ATP,397,119,ARG
atp_398,Corentin Denolly,ATP,398,119,FRA
atp_399,Albert Vinolas,ATP,399,118,ESP
atp_400,Aziz Dougaz,ATP,400,118,TUN
atp_401,Max Gurri,ATP,401,118,ESP
atp_402,Taro Daniel,ATP,402,117,JPN
atp_403,Andrea Picchione,ATP,403,117,ITA
atp_404,Marek Gengel,ATP,404,117,CZE
atp_405,Samir Banerjee,ATP,405,116,USA
atp_406,Alastair Gray,ATP,406,116,GBR
atp_407,Alexey Vatutin,ATP,407,116,RUS
atp_408,Olle Wallin,ATP,408,116,SWE
atp_409,Aryan Shah,ATP,409,116,IND
atp_410,Michele Ribecai,ATP,410,116,ITA
atp_411,Arthur Weber,ATP,411,115,FRA
atp_412,Kilian Feldbausch,ATP,412,115,SUI
atp_413,Luca Castelnuovo,ATP,413,115,SUI
atp_414,Alex Hernandez,ATP,414,115,MEX
atp_415,Alex Martinez,ATP,415,115,ESP
atp_416,Lucas Poullain,ATP,416,115,FRA
atp_417,Oriol Batalla,ATP,417,114,ESP
atp_418,Mariano Kestelboim,ATP,418,114,ARG
atp_419,Patrick Maloney,ATP,419,113,USA
atp_420,Robert Strombachs,ATP,420,113,LAT
atp_421,Jie Cui,ATP,421,113,CHN
atp_422,Buvaysar Gadamauri,ATP,422,113,BEL
atp_423,Braden Shick,ATP,423,112,USA
atp_424,Radu Albot,ATP,424,112,MDA
atp_425,Nicolas Varona,ATP,425,111,ESP
atp_426,Stuart Parker,ATP,426,111,GBR
atp_427,Neil Oberleitner,ATP,427,111,AUT
atp_428,Luca Potenza,ATP,428,111,ITA
atp_429,Cyril Vandermeersch,ATP,429,111,FRA
atp_430,Erik Arutiunian,ATP,430,110,BLR
atp_431,Vadym Ursu,ATP,431,110,UKR
atp_432,Daniel Masur,ATP,432,108,GER
atp_433,Svyatoslav Gulin,ATP,433,108,RUS
atp_434,Karan Singh,ATP,434,108,IND
atp_435,Stefano Napolitano,ATP,435,107,ITA
atp_436,Yankı Erel,ATP,436,107,TUR
atp_437,Rudolf Molleker,ATP,437,107,GER
atp_438,Hikaru Shiraishi,ATP,438,107,JPN
atp_439,Roberto Subervi,ATP,439,106,DOM
atp_440,Lukas Pokorny,ATP,440,106,SVK
atp_441,Lorenzo Carboni,ATP,441,106,ITA
atp_442,Juan Estevez,ATP,442,106,ARG
atp_443,Federico Bondioli,ATP,443,106,ITA
atp_444,Blake Ellis,ATP,444,105,AUS
atp_445,Marvin Moller,ATP,445,105,GER
atp_446,Dali Blanch,ATP,446,105,USA
atp_447,Stefan Palosi,ATP,447,104,ROU
atp_448,Andrew Fenty,ATP,448,103,USA
atp_449,Zhizhen Zhang,ATP,449,102,CHN
atp_450,Lui Maxted,ATP,450,102,GBR
atp_451,Etienne Donnet,ATP,451,102,FRA
atp_452,Eduardo Ribeiro,ATP,452,102,BRA
atp_453,Milos Karol,ATP,453,102,SVK
atp_454,Max Wiskandt,ATP,454,102,GER
atp_455,Alibek Kachmazov,ATP,455,101,RUS
atp_456,Antoine Escoffier,ATP,456,101,FRA
atp_457,Thomas Faurel,ATP,457,101,FRA
atp_458,James Story,ATP,458,100,GBR
atp_459,Blaise Bicknell,ATP,459,99,JAM
atp_460,Mika Brunold,ATP,460,98,SUI
atp_461,Pietro Fellin,ATP,461,98,ITA
atp_462,Jack Loge,ATP,462,98,BEL
atp_463,Andrey Chepelev,ATP,463,98,RUS
atp_464,Gianmarco Ferrari,ATP,464,97,ITA
atp_465,Tommaso Compagnucci,ATP,465,96,ITA
atp_466,Alexandr Binda,ATP,466,96,ITA
atp_467,Valerio Aboian,ATP,467,95,ARG
atp_468,Ognjen Milic,ATP,468,95,SRB
atp_469,Moerani Bouzige,ATP,469,95,AUS
atp_470,Dhakshineswar Suresh,ATP,470,94,IND
atp_471,Bernabe Miralles,ATP,471,94,ESP
atp_472,Bor Artnak,ATP,472,94,SLO
atp_473,Stefan Dostanic,ATP,473,93,USA
atp_474,Cannon Kingsley,ATP,474,93,USA
atp_475,Henry Searle,ATP,475,93,GBR
atp_476,Carlos Montagud,ATP,476,93,ESP
atp_477,Filippo Moroni,ATP,477,92,ITA
atp_478,Takuya Kumasaka,ATP,478,92,JPN
atp_479,Dusan Obradovic,ATP,479,92,SRB
atp_480,Filip Peliwo,ATP,480,92,POL
atp_481,Nikolay Vylegzhanin,ATP,481,91,RUS
atp_482,Eero Vasa,ATP,482,90,FIN
atp_483,Yan Bai,ATP,483,89,CHN
atp_484,Andrea Guerrieri,ATP,484,89,ITA
atp_485,Olaf Pieczkowski,ATP,485,89,POL
atp_486,Petr Nesterov,ATP,486,89,BUL
atp_487,Manas Dhamne,ATP,487,89,IND
atp_488,Jay Friend,ATP,488,88,JPN
atp_489,Giovanni Fonio,ATP,489,88,ITA
atp_490,Aristotelis Thanos,ATP,490,87,GRE
atp_491,Enrico Valle,ATP,491,87,ITA
atp_492,Carl Overbeck,ATP,492,87,DEN
atp_493,Hiroki Moriya,ATP,493,87,JPN
atp_494,Edward Winter,ATP,494,87,AUS
atp_495,Tsung Huang,ATP,495,87,TWN
atp_496,Jakub Paul,ATP,496,86,SUI
atp_497,Mirza Basic,ATP,497,86,BIH
atp_498,Lorenzo Rodriguez,ATP,498,85,ARG
atp_499,Jake Delaney,ATP,499,85,AUS
atp_500,Laurent Lokoli,ATP,500,84,FRA
wta_1,Aryna Sabalenka,WTA,1,10990,BLR
wta_2,Iga Swiatek,WTA,2,7803,POL
wta_3,Elena Rybakina,WTA,3,7523,KAZ
wta_4,Coco Gauff,WTA,4,6423,USA
wta_5,Jessica Pegula,WTA,5,5953,USA
wta_6,Amanda Anisimova,WTA,6,5690,USA
wta_7,Mirra Andreeva,WTA,7,4786,RUS
wta_8,Jasmine Paolini,WTA,8,4157,ITA
wta_9,Elina Svitolina,WTA,9,3260,UKR
wta_10,Victoria Mboko,WTA,10,3246,CAN
wta_11,Ekaterina Alexandrova,WTA,11,2918,RUS
wta_12,Belinda Bencic,WTA,12,2843,SUI
wta_13,Karolina Muchova,WTA,13,2708,CZE
wta_14,Linda Noskova,WTA,14,2571,CZE
wta_15,Clara Tauson,WTA,15,2530,DEN
wta_16,Naomi Osaka,WTA,16,2366,JPN
wta_17,Madison Keys,WTA,17,2351,USA
wta_18,Ludmilla Samsonova,WTA,18,2105,RUS
wta_19,Emma Navarro,WTA,19,2100,USA
wta_20,Iva Jovic,WTA,20,2031,USA
wta_21,Diana Shnaider,WTA,21,1953,RUS
wta_22,Elise Mertens,WTA,22,1881,BEL
wta_23,Qinwen Zheng,WTA,23,1768,CHN
wta_24,Anna Kalinskaya,WTA,24,1758,RUS
wta_25,Emma Raducanu,WTA,25,1700,GBR
wta_26,Marta Kostyuk,WTA,26,1649,UKR
wta_27,Jelena Ostapenko,WTA,27,1600,LAT
wta_28,Leylah Fernandez,WTA,28,1587,CAN
wta_29,Maya Joint,WTA,29,1549,AUS
wta_30,Sorana Cirstea,WTA,30,1499,ROU
wta_31,Mccartney Kessler,WTA,31,1476,USA
wta_32,Sofia Kenin,WTA,32,1472,USA
wta_33,Maria Sakkari,WTA,33,1435,GRE
wta_34,Xinyu Wang,WTA,34,1418,CHN
wta_35,Lois Boisson,WTA,35,1349,FRA
wta_36,Ann Li,WTA,36,1333,USA
wta_37,Marketa Vondrousova,WTA,37,1328,CZE
wta_38,Jaqueline Cristian,WTA,38,1307,ROU
wta_39,Marie Bouzkova,WTA,39,1285,CZE
wta_40,Elisabetta Cocciaretto,WTA,40,1280,ITA
wta_41,Sara Bejlek,WTA,41,1277,CZE
wta_42,Tereza Valentova,WTA,42,1270,CZE
wta_43,Dayana Yastremska,WTA,43,1265,UKR
wta_44,Hailey Baptiste,WTA,44,1264,USA
wta_45,Alexandra Eala,WTA,45,1244,PHI
wta_46,Katerina Siniakova,WTA,46,1242,CZE
wta_47,Janice Tjen,WTA,47,1236,INA
wta_48,Jessica Maneiro,WTA,48,1202,ESP
wta_49,Veronika Kudermetova,WTA,49,1194,RUS
wta_50,Magda Linette,WTA,50,1124,POL
wta_51,Sonay Kartal,WTA,51,1122,GBR
wta_52,Laura Siegemund,WTA,52,1101,GER
wta_53,Barbora Krejcikova,WTA,53,1091,CZE
wta_54,Tatjana Maria,WTA,54,1089,GER
wta_55,Magdalena Frech,WTA,55,1053,POL
wta_56,Eva Lys,WTA,56,1043,GER
wta_57,Elsa Jacquemot,WTA,57,1031,FRA
wta_58,Emiliana Arango,WTA,58,1027,COL
wta_59,Peyton Stearns,WTA,59,1023,USA
wta_60,Varvara Gracheva,WTA,60,1007,FRA
wta_61,Daria Kasatkina,WTA,61,997,AUS
wta_62,Cristina Bucsa,WTA,62,994,ESP
wta_63,Camila Osorio,WTA,63,991,COL
wta_64,Solana Sierra,WTA,64,980,ARG
wta_65,Anna Bondar,WTA,65,978,HUN
wta_66,Beatriz Maia,WTA,66,942,BRA
wta_67,Antonia Ruzic,WTA,67,933,CRO
wta_68,Caty McNally,WTA,68,928,USA
wta_69,Petra Marcinko,WTA,69,912,CRO
wta_70,Paula Badosa,WTA,70,901,ESP
wta_71,Oleksandra Oliynykova,WTA,71,894,UKR
wta_72,Francesca Jones,WTA,72,890,GBR
wta_73,Ajla Tomljanovic,WTA,73,881,AUS
wta_74,Oksana Selekhmeteva,WTA,74,878,RUS
wta_75,Anastasia Potapova,WTA,75,872,AUT
wta_76,Alycia Parks,WTA,76,872,USA
wta_77,Yulia Putintseva,WTA,77,871,KAZ
wta_78,Danielle Collins,WTA,78,865,USA
wta_79,Elena Ruse,WTA,79,864,ROU
wta_80,Julia Grabher,WTA,80,859,AUT
wta_81,Simona Waltert,WTA,81,850,SUI
wta_82,Anna Blinkova,WTA,82,848,RUS
wta_83,Katie Boulter,WTA,83,844,GBR
wta_84,Zeynep Sonmez,WTA,84,843,TUR
wta_85,Shuai Zhang,WTA,85,839,CHN
wta_86,Dalma Galfi,WTA,86,821,HUN
wta_87,Renata Zarazua,WTA,87,814,MEX
wta_88,Viktorija Golubic,WTA,88,813,SUI
wta_89,Olga Danilovic,WTA,89,811,SRB
wta_90,Moyuka Uchijima,WTA,90,810,JPN
wta_91,Kamilla Rakhimova,WTA,91,802,UZB
wta_92,Kaja Juvan,WTA,92,796,SLO
wta_93,Panna Udvardy,WTA,93,792,HUN
wta_94,Kimberly Birrell,WTA,94,789,AUS
wta_95,Ella Seidel,WTA,95,785,GER
wta_96,Katie Volynets,WTA,96,784,USA
wta_97,Darja Semenistaja,WTA,97,781,LAT
wta_98,Lulu Sun,WTA,98,780,NZL
wta_99,Donna Vekic,WTA,99,776,CRO
wta_100,Ashlyn Krueger,WTA,100,771,USA
wta_101,Yulia Starodubtseva,WTA,101,762,UKR
wta_102,Rebecca Sramkova,WTA,102,758,SVK
wta_103,Anastasia Zakharova,WTA,103,754,RUS
wta_104,Nikola Bartunkova,WTA,104,743,CZE
wta_105,Sinja Kraus,WTA,105,741,AUT
wta_106,Tamara Korpatsch,WTA,106,734,GER
wta_107,Diane Parry,WTA,107,724,FRA
wta_108,Mayar Sherif,WTA,108,720,EGY
wta_109,Suzan Lamens,WTA,109,717,NED
wta_110,Anastasia Pavlyuchenkova,WTA,110,716,RUS
wta_111,Talia Gibson,WTA,111,713,AUS
wta_112,Veronika Erjavec,WTA,112,707,SLO
wta_113,Aliaksandra Sasnovich,WTA,113,673,BLR
wta_114,Lilli Tagger,WTA,114,673,AUT
wta_115,Leolia Jeanjean,WTA,115,672,FRA
wta_116,Taylor Townsend,WTA,116,668,USA
wta_117,Rebeka Masarova,WTA,117,660,SUI
wta_118,Linda Fruhvirtova,WTA,118,657,CZE
wta_119,Victoria Kasintseva,WTA,119,657,AND
wta_120,Tiantsoa Rajaonah,WTA,120,649,FRA
wta_121,Caroline Dolehide,WTA,121,627,USA
wta_122,Yue Yuan,WTA,122,626,CHN
wta_123,Maddison Inglis,WTA,123,607,AUS
wta_124,Lanlana Tararudee,WTA,124,605,THA
wta_125,Joanna Garland,WTA,125,599,TWN
wta_126,Maja Chwalinska,WTA,126,593,POL
wta_127,Darja Vidmanova,WTA,127,586,CZE
wta_128,Hanne Vandewinkel,WTA,128,585,BEL
wta_129,Greet Minnen,WTA,129,584,BEL
wta_130,Priscilla Hon,WTA,130,582,AUS
wta_131,Kaitlin Quevedo,WTA,131,576,ESP
wta_132,Daria Snigur,WTA,132,567,UKR
wta_133,Linda Klimovicova,WTA,133,563,POL
wta_134,Arantxa Rus,WTA,134,560,NED
wta_135,Himeno Sakatsume,WTA,135,556,JPN
wta_136,Lucrezia Stefanini,WTA,136,550,ITA
wta_137,Marina Stakusic,WTA,137,542,CAN
wta_138,Lucia Bronzetti,WTA,138,541,ITA
wta_139,Lola Radivojevic,WTA,139,540,SRB
wta_140,Leyre Gormaz,WTA,140,534,ESP
wta_141,Lin Zhu,WTA,141,529,CHN
wta_142,Sofia Costoulas,WTA,142,527,BEL
wta_143,Katarzyna Kawa,WTA,143,516,POL
wta_144,Polina Kudermetova,WTA,144,515,UZB
wta_145,Tamara Zidansek,WTA,145,507,SLO
wta_146,Alina Korneeva,WTA,146,504,RUS
wta_147,Taylah Preston,WTA,147,487,AUS
wta_148,Irina Begu,WTA,148,485,ROU
wta_149,Varvara Lepchenko,WTA,149,483,USA
wta_150,Victoria Azarenka,WTA,150,475,BLR
wta_151,Dominika Salkova,WTA,151,475,CZE
wta_152,Emerson Jones,WTA,152,471,AUS
wta_153,Viktoriya Tomova,WTA,153,465,BUL
wta_154,Maria Timofeeva,WTA,154,463,UZB
wta_155,Maria Carle,WTA,155,457,ARG
wta_156,Iryna Shymanovich,WTA,156,451,BLR
wta_157,Despina Papamichail,WTA,157,451,GRE
wta_158,Elvina Kalieva,WTA,158,449,USA
wta_159,Jessika Ponchet,WTA,159,445,FRA
wta_160,Polina Iatcenko,WTA,160,444,RUS
wta_161,Bianca Andreescu,WTA,161,443,CAN
wta_162,Whitney Osuigwe,WTA,162,440,USA
wta_163,Alina Charaeva,WTA,163,433,RUS
wta_164,Nuria Brancaccio,WTA,164,430,ITA
wta_165,Guiomar Maristany,WTA,165,423,ESP
wta_166,Tatiana Prozorova,WTA,166,419,RUS
wta_167,Ekaterine Gorgodze,WTA,167,418,GEO
wta_168,Elizabeth Mandlik,WTA,168,413,USA
wta_169,Harriet Dart,WTA,169,409,GBR
wta_170,Carol Lee,WTA,170,409,USA
wta_171,Teodora Kostovic,WTA,171,404,SRB
wta_172,Anouk Koevermans,WTA,172,402,NED
wta_173,Louisa Chirico,WTA,173,399,USA
wta_174,Bernarda Pera,WTA,174,398,USA
wta_175,Jil Teichmann,WTA,175,396,SUI
wta_176,Aoi Ito,WTA,176,391,JPN
wta_177,Carole Monnet,WTA,177,388,FRA
wta_178,Elina Avanesyan,WTA,178,387,ARM
wta_179,Olivia Gadecki,WTA,179,387,AUS
wta_180,Anca Todoni,WTA,180,387,ROU
wta_181,Lina Gjorcheska,WTA,181,387,MKD
wta_182,Ye Ma,WTA,182,386,CHN
wta_183,Anastasija Sevastova,WTA,183,385,LAT
wta_184,Gabriela Knutson,WTA,184,385,CZE
wta_185,Mary Stoiana,WTA,185,383,USA
wta_186,Hanyu Guo,WTA,186,382,CHN
wta_187,Julia Riera,WTA,187,382,ARG
wta_188,Yeon Ku,WTA,188,380,KOR
wta_189,Anastasia Gasanova,WTA,189,379,RUS
wta_190,Astra Sharma,WTA,190,378,AUS
wta_191,Anhelina Kalinina,WTA,191,374,UKR
wta_192,Elena Pridankina,WTA,192,374,RUS
wta_193,Lisa Pigato,WTA,193,374,ITA
wta_194,Kayla Day,WTA,194,373,USA
wta_195,Ana Sanchez,WTA,195,373,MEX
wta_196,Nao Hibino,WTA,196,372,JPN
wta_197,Kayla Cross,WTA,197,372,CAN
wta_198,Mananchaya Sawangkaew,WTA,198,371,THA
wta_199,Alice Rame,WTA,199,368,FRA
wta_200,Ena Shibahara,WTA,200,365,JPN
wta_201,Fiona Crawley,WTA,201,361,USA
wta_202,Cadence Brace,WTA,202,360,CAN
wta_203,Mona Barthel,WTA,203,357,GER
wta_204,Anna Friedsam,WTA,204,356,GER
wta_205,Silvia Ambrosio,WTA,205,351,ITA
wta_206,Andrea Garcia,WTA,206,350,ESP
wta_207,Francisca Jorge,WTA,207,348,POR
wta_208,Miriam Bulgaru,WTA,208,346,ROU
wta_209,Marina Ribera,WTA,209,344,ESP
wta_210,Jana Fett,WTA,210,340,CRO
wta_211,Arina Rodionova,WTA,211,340,AUS
wta_212,Laura Samson,WTA,212,339,CZE
wta_213,Claire Liu,WTA,213,338,USA
wta_214,Laura Pigossi,WTA,214,338,BRA
wta_215,Chloe Paquet,WTA,215,334,FRA
wta_216,Jazmin Ortenzi,WTA,216,333,ARG
wta_217,Camilla Rosatello,WTA,217,333,ITA
wta_218,Viktoria Hruncakova,WTA,218,331,SVK
wta_219,Sada Nahimana,WTA,219,328,BDI
wta_220,Mai Hontama,WTA,220,326,JPN
wta_221,Barbora Palicova,WTA,221,324,CZE
wta_222,Daria Saville,WTA,222,321,AUS
wta_223,Xiyu Wang,WTA,223,315,CHN
wta_224,Tara Wurth,WTA,224,311,CRO
wta_225,Aliona Bolsova,WTA,225,310,ESP
wta_226,Kathinka von Deichmann,WTA,226,306,LIE
wta_227,Anna Siskova,WTA,227,305,CZE
wta_228,Elizara Yaneva,WTA,228,303,BUL
wta_229,Harmony Tan,WTA,229,302,FRA
wta_230,Carolina Alves,WTA,230,302,BRA
wta_231,Storm Hunter,WTA,231,299,AUS
wta_232,Veronika Podrez,WTA,232,299,UKR
wta_233,Susan Bandecchi,WTA,233,296,SUI
wta_234,Caroline Werner,WTA,234,295,GER
wta_235,Nuria Diaz,WTA,235,291,ESP
wta_236,Sara Saito,WTA,236,291,JPN
wta_237,Hina Inoue,WTA,237,290,USA
wta_238,Mingge Xu,WTA,238,289,GBR
wta_239,Fiona Ferro,WTA,239,288,FRA
wta_240,Luisina Giovannini,WTA,240,288,ARG
wta_241,Carson Branstine,WTA,241,287,CAN
wta_242,Angela Boluda,WTA,242,286,ESP
wta_243,Sohyun Park,WTA,243,286,KOR
wta_244,Raluca Serban,WTA,244,285,CYP
wta_245,Jessica Pieri,WTA,245,285,ITA
wta_246,Rebecca Marino,WTA,246,282,CAN
wta_247,Justina Mikulskyte,WTA,247,280,LTU
wta_248,Ayana Akli,WTA,248,280,USA
wta_249,Irene Burillo,WTA,249,279,ESP
wta_250,Amarissa Toth,WTA,250,279,HUN
wta_251,Arianne Hartono,WTA,251,276,NED
wta_252,Xiaodi You,WTA,252,275,CHN
wta_253,Manon Leonard,WTA,253,274,FRA
wta_254,Eva Vedder,WTA,254,274,NED
wta_255,Noma Akugue,WTA,255,274,GER
wta_256,Matilde Jorge,WTA,256,273,POR
wta_257,Anastasia Tikhonova,WTA,257,273,RUS
wta_258,Ons Jabeur,WTA,258,272,TUN
wta_259,Clervie Ngounoue,WTA,259,271,USA
wta_260,Celine Naef,WTA,260,271,SUI
wta_261,Selena Janicijevic,WTA,261,271,FRA
wta_262,Xinyu Gao,WTA,262,271,CHN
wta_263,Eva Alvarez,WTA,263,271,ESP
wta_264,Kajsa Persson,WTA,264,271,SWE
wta_265,Julia Avdeeva,WTA,265,270,RUS
wta_266,Julie Belgraver,WTA,266,269,FRA
wta_267,Karolina Pliskova,WTA,267,267,CZE
wta_268,Anastasiya Soboleva,WTA,268,266,UKR
wta_269,Tyra Grant,WTA,269,266,ITA
wta_270,Katherine Sebov,WTA,270,265,CAN
wta_271,Katie Swan,WTA,271,260,GBR
wta_272,Yuriko Miyazaki,WTA,272,254,GBR
wta_273,Mia Ristic,WTA,273,254,SRB
wta_274,Lizette Cabrera,WTA,274,253,AUS
wta_275,Dalila Spiteri,WTA,275,249,ITA
wta_276,Lucie Havlickova,WTA,276,246,CZE
wta_277,Fangran Tian,WTA,277,243,CHN
wta_278,Heather Watson,WTA,278,241,GBR
wta_279,Katharina Hobgarski,WTA,279,241,GER
wta_280,Mika Stojsavljevic,WTA,280,239,GBR
wta_281,Tessah Andrianjafitrimo,WTA,281,237,FRA
wta_282,Katrina Scott,WTA,282,237,USA
wta_283,Hiromi Abe,WTA,283,237,JPN
wta_284,Anna Rogers,WTA,284,236,USA
wta_285,Mei Yamaguchi,WTA,285,235,JPN
wta_286,Vendula Valdmannova,WTA,286,235,CZE
wta_287,Carolyn Ansari,WTA,287,235,USA
wta_288,Wakana Sonobe,WTA,288,232,JPN
wta_289,Tessa Brockmann,WTA,289,232,GER
wta_290,Samira de Stefano,WTA,290,230,ITA
wta_291,Jeline Vandromme,WTA,291,228,BEL
wta_292,Zarina Diyas,WTA,292,225,KAZ
wta_293,Robin Montgomery,WTA,293,224,USA
wta_294,Anouck Peeters,WTA,294,224,NED
wta_295,Anastasia Zolotareva,WTA,295,223,RUS
wta_296,Lia Karatancheva,WTA,296,221,BUL
wta_297,Kyoka Okamura,WTA,297,216,JPN
wta_298,Rina Saigo,WTA,298,216,JPN
wta_299,Ekaterina Reyngold,WTA,299,215,RUS
wta_300,Elena Bertea,WTA,300,215,ROU
wta_301,Haruka Kaji,WTA,301,214,JPN
wta_302,Jule Niemeier,WTA,302,213,GER
wta_303,Renata Jamrichova,WTA,303,212,SVK
wta_304,Ayla Aksu,WTA,304,210,TUR
wta_305,Dayeon Back,WTA,305,209,KOR
wta_306,Laura Hietaranta,WTA,306,208,FIN
wta_307,Akasha Urhobo,WTA,307,207,USA
wta_308,Alicia Linana,WTA,308,207,ESP
wta_309,Gabriela Ce,WTA,309,207,BRA
wta_310,Katarina Zavatska,WTA,310,207,UKR
wta_311,Lea Boskovic,WTA,311,206,CRO
wta_312,Katarina Jokic,WTA,312,206,SRB
wta_313,Eunhye Lee,WTA,313,205,KOR
wta_314,Polona Hercog,WTA,314,204,SLO
wta_315,Jennifer Ruggeri,WTA,315,202,ITA
wta_316,Margaux Rouvroy,WTA,316,201,FRA
wta_317,Tiphanie Lemaitre,WTA,317,201,FRA
wta_318,Vivian Wolff,WTA,318,201,USA
wta_319,Destanee Aiava,WTA,319,200,AUS
wta_320,Julie Struplova,WTA,320,200,CZE
wta_321,Alevtina Ibragimova,WTA,321,199,RUS
wta_322,Sakura Hosogi,WTA,322,199,JPN
wta_323,Valentina Ryser,WTA,323,198,SUI
wta_324,Daria Khomutsianskaya,WTA,324,198,BLR
wta_325,Aurora Zantedeschi,WTA,325,197,ITA
wta_326,Lea Ma,WTA,326,197,USA
wta_327,Miho Kuramochi,WTA,327,196,JPN
wta_328,Viktoria Morvayova,WTA,328,195,SVK
wta_329,Alisa Oktiabreva,WTA,329,195,RUS
wta_330,Han Shi,WTA,330,192,CHN
wta_331,Katarina Kuzmova,WTA,331,192,SVK
wta_332,Amarni Banks,WTA,332,191,GBR
wta_333,Carol Zhao,WTA,333,190,CAN
wta_334,Yidi Yang,WTA,334,190,CHN
wta_335,Francesca Curmi,WTA,335,190,MLT
wta_336,Tina Smith,WTA,336,189,AUS
wta_337,Victoria Bosio,WTA,337,188,ARG
wta_338,Martyna Kubka,WTA,338,188,POL
wta_339,Francesca Pace,WTA,339,188,ITA
wta_340,Isabella Shinikova,WTA,340,187,BUL
wta_341,Han Chang,WTA,341,186,USA
wta_342,Nina Stojanovic,WTA,342,185,SRB
wta_343,Ariana Geerlings,WTA,343,185,ESP
wta_344,Alexandra Shubladze,WTA,344,185,RUS
wta_345,Petra Martic,WTA,345,183,CRO
wta_346,Mia Pohankova,WTA,346,183,SVK
wta_347,Elena Malygina,WTA,347,183,EST
wta_348,Eryn Cayetano,WTA,348,183,USA
wta_349,Julieta Pareja,WTA,349,182,USA
wta_350,Monika Ekstrand,WTA,350,182,USA
wta_351,Tereza Martincova,WTA,351,182,CZE
wta_352,Gabriela Lee,WTA,352,182,ROU
wta_353,Natalija Senic,WTA,353,182,SRB
wta_354,Hibah Shaikh,WTA,354,181,USA
wta_355,Yafan Wang,WTA,355,180,CHN
wta_356,Aliona Falei,WTA,356,180,BLR
wta_357,Vera Zvonareva,WTA,357,178,RUS
wta_358,Sijia Wei,WTA,358,178,CHN
wta_359,Carlota Cirez,WTA,359,177,ESP
wta_360,En Liang,WTA,360,177,TWN
wta_361,Yasmine Kabbaj,WTA,361,177,MAR
wta_362,Erika Andreeva,WTA,362,175,RUS
wta_363,Eva Bennemann,WTA,363,175,GER
wta_364,Kristina Dmitruk,WTA,364,174,BLR
wta_365,Nastasja Schunk,WTA,365,174,GER
wta_366,Jenny Duerst,WTA,366,174,SUI
wta_367,Giorgia Pedone,WTA,367,173,ITA
wta_368,Haley Giavara,WTA,368,173,USA
wta_369,Emina Bektas,WTA,369,172,USA
wta_370,Martina Taborda,WTA,370,171,ARG
wta_371,Martha Matoula,WTA,371,170,GRE
wta_372,Wushuang Zheng,WTA,372,169,CHN
wta_373,Ane Mintegi Del Olmo,WTA,373,169,ESP
wta_374,Amandine Monnot,WTA,374,168,FRA
wta_375,Elena Micic,WTA,375,167,AUS
wta_376,Cagla Buyukakcay,WTA,376,167,TUR
wta_377,Caijsa Hennemann,WTA,377,167,SWE
wta_378,Eri Shimizu,WTA,378,166,JPN
wta_379,Zhuoxuan Bai,WTA,379,165,CHN
wta_380,Darya Astakhova,WTA,380,165,RUS
wta_381,Lucciana Alarcon,WTA,381,165,PER
wta_382,Alina Granwehr,WTA,382,165,SUI
wta_383,Tatiana Pieri,WTA,383,164,ITA
wta_384,Miriana Tona,WTA,384,164,ITA
wta_385,Dalila Jakupovic,WTA,385,164,SLO
wta_386,Irina Bara,WTA,386,162,ROU
wta_387,Kira Pavlova,WTA,387,162,RUS
wta_388,Mariam Bolkvadze,WTA,388,161,GEO
wta_389,Diletta Cherubini,WTA,389,161,ITA
wta_390,Zhibek Kulambayeva,WTA,390,161,KAZ
wta_391,Naiktha Bains,WTA,391,161,GBR
wta_392,Saki Imamura,WTA,392,161,JPN
wta_393,Sandra Samir,WTA,393,161,EGY
wta_394,Ekaterina Kazionova,WTA,394,160,RUS
wta_395,Victoria Hu,WTA,395,160,USA
wta_396,Denislava Glushkova,WTA,396,160,BUL
wta_397,Ikumi Yamazaki,WTA,397,159,JPN
wta_398,Cristina Adrover,WTA,398,158,ESP
wta_399,Jodie Burrage,WTA,399,156,GBR
wta_400,Madison Brengle,WTA,400,156,USA
wta_401,Angelina Voloshchuk,WTA,401,156,POR
wta_402,Amandine Hesse,WTA,402,155,FRA
wta_403,Ayano Shimizu,WTA,403,155,JPN
wta_404,Gergana Topalova,WTA,404,155,BUL
wta_405,Valeriya Strakhova,WTA,405,154,UKR
wta_406,Yasmine Mansouri,WTA,406,154,FRA
wta_407,Sofia Shapatava,WTA,407,153,GEO
wta_408,Vittoria Paganetti,WTA,408,152,ITA
wta_409,Alexis Blokhina,WTA,409,152,USA
wta_410,Astrid Foon,WTA,410,151,FRA
wta_411,Sapfo Sakellaridi,WTA,411,151,GRE
wta_412,Antonia Schmidt,WTA,412,151,GER
wta_413,Martina Colmegna,WTA,413,149,ITA
wta_414,Weronika Ewald,WTA,414,149,POL
wta_415,Patricia Tig,WTA,415,148,ROU
wta_416,Sahaja Yamalapalli,WTA,416,148,IND
wta_417,Hayu Kinoshita,WTA,417,148,JPN
wta_418,Victoria Rodriguez,WTA,418,147,MEX
wta_419,Zongyu Li,WTA,419,146,CHN
wta_420,Sofya Lansere,WTA,420,146,RUS
wta_421,Martina Okalova,WTA,421,145,SVK
wta_422,Zuzanna Pawlikowska,WTA,422,145,POL
wta_423,Nicole Huergo,WTA,423,144,ARG
wta_424,Ylena Albon,WTA,424,144,SUI
wta_425,Emily Appleton,WTA,425,143,GBR
wta_426,Aneta Kucmova,WTA,426,143,CZE
wta_427,Momoko Kobori,WTA,427,142,JPN
wta_428,Priska Nugroho,WTA,428,140,INA
wta_429,Maria Mateas,WTA,429,139,USA
wta_430,Alana Smith,WTA,430,138,USA
wta_431,Jiajing Lu,WTA,431,138,CHN
wta_432,Antonia Rivera,WTA,432,138,CHI
wta_433,Misaki Matsuda,WTA,433,138,JPN
wta_434,Kristiana Sidorova,WTA,434,137,RUS
wta_435,Alice Tubello,WTA,435,136,FRA
wta_436,Lamis Aziz,WTA,436,136,EGY
wta_437,Caroline Garcia,WTA,437,135,FRA
wta_438,Federica Urgesi,WTA,438,135,ITA
wta_439,Amelia Rajecki,WTA,439,135,GBR
wta_440,Alicia Dudeney,WTA,440,135,GBR
wta_441,Andreea Prisacariu,WTA,441,133,ROU
wta_442,Victoria Allen,WTA,442,133,GBR
wta_443,Anastasia Abbagnato,WTA,443,132,ITA
wta_444,Patcharin Cheapchandej,WTA,444,132,THA
wta_445,Aunchisa Chanta,WTA,445,132,THA
wta_446,Yufei Ren,WTA,446,129,CHN
wta_447,Leonie Kung,WTA,447,128,SUI
wta_448,Lucija Bagaric,WTA,448,128,CRO
wta_449,Stephanie Visscher,WTA,449,127,NED
wta_450,Jasmijn Gimbrere,WTA,450,127,NED
wta_451,Sara Tormo,WTA,451,126,ESP
wta_452,Ekaterina Makarova,WTA,452,126,RUS
wta_453,Thaisa Pedretti,WTA,453,126,BRA
wta_454,Mariia Tkacheva,WTA,454,126,RUS
wta_455,Tena Lukas,WTA,455,126,CRO
wta_456,Britt Du Pree,WTA,456,125,NED
wta_457,Julia Adams,WTA,457,125,USA
wta_458,Angella Okutoyi,WTA,458,124,KEN
wta_459,Natsumi Kawaguchi,WTA,459,124,JPN
wta_460,Ranah Stoiber,WTA,460,123,GBR
wta_461,Mell Gonzalez,WTA,461,123,ECU
wta_462,Fernanda Labrana,WTA,462,123,CHI
wta_463,Lauren Davis,WTA,463,121,USA
wta_464,Nahia Berecoechea,WTA,464,121,FRA
wta_465,Emily Seibold,WTA,465,121,GER
wta_466,Lisa Zaar,WTA,466,120,SWE
wta_467,Madison Sieg,WTA,467,119,USA
wta_468,Xinxin Yao,WTA,468,118,CHN
wta_469,Mathilde Lollia,WTA,469,118,FRA
wta_470,Valentini Grammatikopoulou,WTA,470,118,GRE
wta_471,Mina Hodzic,WTA,471,117,GER
wta_472,Meiqi Guo,WTA,472,117,CHN
wta_473,Yuki Naito,WTA,473,117,JPN
wta_474,Jana Kovackova,WTA,474,117,CZE
wta_475,Vaidehi Chaudhari,WTA,475,116,IND
wta_476,Ariana Arseneault,WTA,476,114,CAN
wta_477,Carla Markus,WTA,477,114,ARG
wta_478,Luca Udvardy,WTA,478,114,HUN
wta_479,Maria Vaquero,WTA,479,114,ESP
wta_480,Berfu Cengiz,WTA,480,113,TUR
wta_481,Ruth Llaverias,WTA,481,113,ESP
wta_482,Ella Mcdonald,WTA,482,113,GBR
wta_483,Isis Louise van Den Broek,WTA,483,113,NED
wta_484,Ilinca Amariei,WTA,484,113,ROU
wta_485,Fangzhou Liu,WTA,485,113,CHN
wta_486,Robin Anderson,WTA,486,113,USA
wta_487,Ayumi Koshiishi,WTA,487,112,JPN
wta_488,Mayu Crossley,WTA,488,112,JPN
wta_489,Varvara Panshina,WTA,489,112,RUS
wta_490,Tahlia Kokkinis,WTA,490,111,AUS
wta_491,Ema Bucko,WTA,491,111,BIH
wta_492,Sara Dols,WTA,492,111,ESP
wta_493,Weronika Falkowska,WTA,493,110,POL
wta_494,Ekaterina Khayrutdinova,WTA,494,110,RUS
wta_495,Alessandra Mazzola,WTA,495,109,ITA
wta_496,Maria Urrutia,WTA,496,109,ARG
wta_497,Radka Zelnickova,WTA,497,109,SVK
wta_498,Marie Vogt,WTA,498,109,GER
wta_499,Yelyzaveta Kotliar,WTA,499,108,UKR
wta_500,Jiaqi Wang,WTA,500,108,CHN
